volumen,consulta,estrategia,repeticion,segundos,filas
1_mes,02_viajes_por_mes,parquet,1,0.5171,2
1_mes,02_viajes_por_mes,parquet,2,0.5603,2
1_mes,02_viajes_por_mes,parquet,3,0.5279,2
1_mes,02_viajes_por_mes,tabla,1,0.1507,2
1_mes,02_viajes_por_mes,tabla,2,0.0753,2
1_mes,02_viajes_por_mes,tabla,3,0.0769,2
1_mes,03_viajes_hora_dia,parquet,1,0.5045,336
1_mes,03_viajes_hora_dia,parquet,2,0.5134,336
1_mes,03_viajes_hora_dia,parquet,3,0.5516,336
1_mes,03_viajes_hora_dia,tabla,1,0.2012,336
1_mes,03_viajes_hora_dia,tabla,2,0.1611,336
1_mes,03_viajes_hora_dia,tabla,3,0.157,336
1_mes,04_caracteristicas_viaje,parquet,1,1.0784,8
1_mes,04_caracteristicas_viaje,parquet,2,1.1539,8
1_mes,04_caracteristicas_viaje,parquet,3,1.0253,8
1_mes,04_caracteristicas_viaje,tabla,1,0.6641,8
1_mes,04_caracteristicas_viaje,tabla,2,0.5026,8
1_mes,04_caracteristicas_viaje,tabla,3,0.5201,8
1_mes,06_forma_pago,parquet,1,0.4943,10
1_mes,06_forma_pago,parquet,2,0.564,10
1_mes,06_forma_pago,parquet,3,0.5078,10
1_mes,06_forma_pago,tabla,1,0.1495,10
1_mes,06_forma_pago,tabla,2,0.1393,10
1_mes,06_forma_pago,tabla,3,0.1399,10
1_mes,09_atipicos,parquet,1,1.8777,2
1_mes,09_atipicos,parquet,2,1.881,2
1_mes,09_atipicos,parquet,3,2.1629,2
1_mes,09_atipicos,tabla,1,1.0645,2
1_mes,09_atipicos,tabla,2,1.0231,2
1_mes,09_atipicos,tabla,3,1.0032,2
2026,02_viajes_por_mes,parquet,1,5.649,16
2026,02_viajes_por_mes,parquet,2,3.7218,16
2026,02_viajes_por_mes,parquet,3,3.993,16
2026,02_viajes_por_mes,tabla,1,1.1448,16
2026,02_viajes_por_mes,tabla,2,0.5755,16
2026,02_viajes_por_mes,tabla,3,0.6454,16
2026,03_viajes_hora_dia,parquet,1,3.7738,336
2026,03_viajes_hora_dia,parquet,2,5.5355,336
2026,03_viajes_hora_dia,parquet,3,5.0543,336
2026,03_viajes_hora_dia,tabla,1,1.0188,336
2026,03_viajes_hora_dia,tabla,2,1.0075,336
2026,03_viajes_hora_dia,tabla,3,1.0517,336
2026,04_caracteristicas_viaje,parquet,1,9.6693,8
2026,04_caracteristicas_viaje,parquet,2,9.0603,8
2026,04_caracteristicas_viaje,parquet,3,7.7247,8
2026,04_caracteristicas_viaje,tabla,1,7.7146,8
2026,04_caracteristicas_viaje,tabla,2,5.7355,8
2026,04_caracteristicas_viaje,tabla,3,4.3456,8
2026,06_forma_pago,parquet,1,4.1095,81
2026,06_forma_pago,parquet,2,3.7119,81
2026,06_forma_pago,parquet,3,3.6521,81
2026,06_forma_pago,tabla,1,1.0965,81
2026,06_forma_pago,tabla,2,1.0822,81
2026,06_forma_pago,tabla,3,1.1505,81
2026,09_atipicos,parquet,1,13.506,2
2026,09_atipicos,parquet,2,16.604,2
2026,09_atipicos,parquet,3,13.3249,2
2026,09_atipicos,tabla,1,5.9088,2
2026,09_atipicos,tabla,2,5.0046,2
2026,09_atipicos,tabla,3,5.1608,2
2024_2026,02_viajes_por_mes,parquet,1,12.6351,40
2024_2026,02_viajes_por_mes,parquet,2,8.6087,40
2024_2026,02_viajes_por_mes,parquet,3,9.1823,40
2024_2026,02_viajes_por_mes,tabla,1,3.4902,40
2024_2026,02_viajes_por_mes,tabla,2,2.2312,40
2024_2026,02_viajes_por_mes,tabla,3,1.8643,40
2024_2026,03_viajes_hora_dia,parquet,1,8.992,336
2024_2026,03_viajes_hora_dia,parquet,2,8.6496,336
2024_2026,03_viajes_hora_dia,parquet,3,8.4904,336
2024_2026,03_viajes_hora_dia,tabla,1,2.5318,336
2024_2026,03_viajes_hora_dia,tabla,2,2.5385,336
2024_2026,03_viajes_hora_dia,tabla,3,2.5553,336
2024_2026,04_caracteristicas_viaje,parquet,1,21.8147,8
2024_2026,04_caracteristicas_viaje,parquet,2,21.8848,8
2024_2026,04_caracteristicas_viaje,parquet,3,22.5468,8
2024_2026,04_caracteristicas_viaje,tabla,1,13.2563,8
2024_2026,04_caracteristicas_viaje,tabla,2,10.2675,8
2024_2026,04_caracteristicas_viaje,tabla,3,10.2917,8
2024_2026,06_forma_pago,parquet,1,10.2742,211
2024_2026,06_forma_pago,parquet,2,9.8508,211
2024_2026,06_forma_pago,parquet,3,10.1335,211
2024_2026,06_forma_pago,tabla,1,3.1487,211
2024_2026,06_forma_pago,tabla,2,2.8376,211
2024_2026,06_forma_pago,tabla,3,2.9172,211
2024_2026,09_atipicos,parquet,1,37.3365,2
2024_2026,09_atipicos,parquet,2,37.1071,2
2024_2026,09_atipicos,parquet,3,38.9158,2
2024_2026,09_atipicos,tabla,1,19.2373,2
2024_2026,09_atipicos,tabla,2,18.2848,2
2024_2026,09_atipicos,tabla,3,15.3429,2
